OID_;ID_CAMARA;LUGAR_INFR;AMBITO;TIPOVIA;VIA;NUMERO_PK;UTM_X;UTM_Y;LATITUD;LONGITUD
1;1;C Pedro Rico 213;Interior M-30;Calle;Pedro Rico;213;441555,750000000000000;4481256,589999999850988;40,479942000000001;-3,689531000000000
2;2;Po Castellana 259 C1;Interior M-30;Paseo;Castellana;259;441861,020000000018626;4481195,269999999552965;40,479410999999999;-3,685924000000000
3;3;Po Castellana 259 C2;Interior M-30;Paseo;Castellana;259;441861,020000000018626;4481195,269999999552965;40,479410999999999;-3,685924000000000
4;4;Po Castellana 259 VS;Interior M-30;Paseo;Castellana;259;441861,020000000018626;4481195,269999999552965;40,479410999999999;-3,685924000000000
5;5;C Mauricio Legendre - Verjas;Interior M-30;Calle;Mauricio Legendre;0;442067,700000000011642;4481296,230000000447035;40,480334999999997;-3,683495000000000
6;6;Av Burgos - frente n38;Interior M-30;Avenida;Burgos;0;442723,260000000009313;4481206,709999999962747;40,479574000000000;-3,675753000000000
7;7;Salida M30 Tunel Pio XII;Interior M-30;Avenida;Pio XII;0;442869,020000000018626;4480479,389999999664724;40,473032000000003;-3,673968000000000
8;8;Av Burgos 8;Interior M-30;Avenida;Burgos;8;442718,169999999983702;4480485,980000000447035;40,473081000000001;-3,675748000000000
9;9;Av Pio XII 100;Interior M-30;Avenida;Pio XII;100;442678,440000000002328;4480467,860000000335276;40,472915000000000;-3,676215000000000
10;10;Av Pio XII - entrada tunel;Interior M-30;Avenida;Pio XII;0;442652,559999999997672;4480464,169999999925494;40,472880000000004;-3,676520000000000
11;11;Av Burgos 9;Interior M-30;Avenida;Burgos;9;442689,210000000020955;4480302,049999999813735;40,471421999999997;-3,676073000000000
12;12;Av Pio XII - frente n98;Interior M-30;Avenida;Pio XII;0;442743,369999999995343;4480400,549999999813735;40,472313000000000;-3,675443000000000
13;13;Av Pio XII 77;Interior M-30;Avenida;Pio XII;77;442902,479999999981374;4479983,679999999701977;40,468567999999998;-3,673666000000000
14;14;Cta Sagrado Corazón 2 C1;Interior M-30;Cuesta;Sagrado Corazón;2;443049,739999999990687;4479742,809999999590218;40,466408999999999;-3,671770000000000
15;15;Cta Sagrado Corazón 2 C2;Interior M-30;Cuesta;Sagrado Corazón;2;443049,739999999990687;4479742,809999999590218;40,466408999999999;-3,671770000000000
16;16;C Costa Rica 17 C1;Interior M-30;Calle;Costa Rica;17;443095,099999999976717;4478873,410000000149012;40,458579999999998;-3,671157000000000
17;17;C Costa Rica 17 C2;Interior M-30;Calle;Costa Rica;17;443095,099999999976717;4478873,410000000149012;40,458579999999998;-3,671157000000000
18;18;Av Alfonso XIII - frente n7;Interior M-30;Avenida;Alfonso XIII;0;443314,849999999976717;4478970,080000000074506;40,459465999999999;-3,668574000000000
19;19;C Federico Salmón 34;Interior M-30;Calle;Federico Salmón;34;443343,140000000013970;4478976,860000000335276;40,459529000000003;-3,668241000000000
20;20;Av Alfonso XIII 113;Interior M-30;Calle;Alfonso XIII;113;443366,469999999972060;4478889,320000000298023;40,458742000000001;-3,667958000000000
21;21;Av Ramón y Cajal 81 C1;Interior M-30;Avenida;Av Ramón y Cajal;81;443522,520000000018626;4478195,900000000372529;40,452506000000000;-3,666056000000000
22;22;Av Ramón y Cajal 81 C2;Interior M-30;Avenida;Av Ramón y Cajal;81;443522,520000000018626;4478195,900000000372529;40,452506000000000;-3,666056000000000
23;23;Po Cerezos - Av. Ramon Cajal;Interior M-30;Paseo;Cerezos;0;443593,169999999983702;4478220,120000000111759;40,452728999999998;-3,665225000000000
24;24;Av America VS - A2PK4.000 ENT;Interior M-30;Avenida;América;4;443599,119999999995343;4477164,299999999813735;40,443218000000002;-3,665061000000000
25;25;Av America - A2PK4.000 ENT C1;Interior M-30;Avenida;América;4;443605,729999999981374;4477152,259999999776483;40,443109999999997;-3,664982000000000
26;26;Av America - A2PK4.000 ENT C2;Interior M-30;Avenida;América;4;443605,729999999981374;4477152,259999999776483;40,443109999999997;-3,664982000000000
27;27;Av Brasilia 33;Interior M-30;Avenida;Brasilia;33;443913,710000000020955;4476907,070000000298023;40,440922000000000;-3,661329000000000
28;28;Av Brasilia - junto n31;Interior M-30;Avenida;Brasilia;31;443917,460000000020955;4476773,280000000260770;40,439717000000002;-3,661273000000000
29;29;Av Bonn - junto n23;Interior M-30;Avenida;Bonn;23;443917,130000000004657;4476649,400000000372529;40,438600999999998;-3,661266000000000
30;30;Av Brasilia 11;Interior M-30;Avenida;Brasilia;11;443921,940000000002328;4476601,179999999701977;40,438167000000000;-3,661205000000000
31;31;C Brescia - junto n19;Interior M-30;Calle;Brescia;19;443907,750000000000000;4476416,799999999813735;40,436504999999997;-3,661356000000000
32;32;C Roberto Domingo 3;Interior M-30;Calle;Roberto Domingo;3;443925,440000000002328;4476253,259999999776483;40,435032999999997;-3,661133000000000
33;33;C Alcala - Roberto Domingo C1;Interior M-30;Calle;Roberto Domingo;0;443859,219999999972060;4475848,480000000447035;40,431381999999999;-3,661878000000000
34;34;C Alcala - Roberto Domingo C2;Interior M-30;Calle;Roberto Domingo;0;443859,219999999972060;4475848,480000000447035;40,431381999999999;-3,661878000000000
35;35;C Alcala 239 - Roberto Domingo;Interior M-30;Calle;Roberto Domingo;239;443885,739999999990687;4475855,940000000409782;40,431451000000003;-3,661566000000000
36;36;C ODonnell 65 C1;Interior M-30;Calle;O´Donnell;65;443314,229999999981374;4474706,549999999813735;40,421058000000002;-3,668201000000000
37;37;C ODonnell 65 C2;Interior M-30;Calle;O´Donnell;65;443314,229999999981374;4474706,549999999813735;40,421058000000002;-3,668201000000000
38;38;C Alcalde Sainz de Baranda C1;Interior M-30;Calle;Alcalde Sainz de Baranda;0;443554,409999999974389;4474549,669999999925494;40,419660999999998;-3,665356000000000
39;39;C Alcalde Sainz de Baranda C2;Interior M-30;Calle;Alcalde Sainz de Baranda;0;443554,409999999974389;4474549,669999999925494;40,419660999999998;-3,665356000000000
40;40;C Estrella Polar 19 C1;Interior M-30;Calle;Estrella Polar;19;443647,479999999981374;4473601,419999999925494;40,411124999999998;-3,664175000000000
41;41;C Estrella Polar 19 C2;Interior M-30;Calle;Estrella Polar;19;443647,479999999981374;4473601,419999999925494;40,411124999999998;-3,664175000000000
42;42;C Sirio 64;Interior M-30;Calle;Sirio;64;443567,099999999976717;4473383,230000000447035;40,409154000000001;-3,665103000000000
43;43;C Pez Volador - frente n32;Interior M-30;Calle;Pez Volador;32;443804,640000000013970;4473931,830000000074506;40,414112000000003;-3,662352000000000
44;44;C Doctor Esquerdo 161 C1;Interior M-30;Calle;Doctor Esquerdo;161;443156,719999999972060;4473301,080000000074506;40,408386000000000;-3,669932000000000
45;45;C Doctor Esquerdo 161 C2;Interior M-30;Calle;Doctor Esquerdo;161;443156,719999999972060;4473301,080000000074506;40,408386000000000;-3,669932000000000
46;46;Av Mediterraneo 39;Interior M-30;Avenida;Mediterráneo;39;443080,330000000016298;4473130,820000000298023;40,406846999999999;-3,670817000000000
47;47;Av Mediterraneo 33 C1;Interior M-30;Avenida;Mediterráneo;33;442917,250000000000000;4473155,599999999627471;40,407058999999997;-3,672741000000000
48;48;Av Mediterraneo 33 C2;Interior M-30;Avenida;Mediterráneo;33;442917,250000000000000;4473155,599999999627471;40,407058999999997;-3,672741000000000
49;49;C Doctor Esquerdo 132 C1;Interior M-30;Calle;Doctor Esquerdo;132;443100,909999999974389;4473058,730000000447035;40,406199000000001;-3,670568000000000
50;50;C Doctor Esquerdo 132 C2;Interior M-30;Calle;Doctor Esquerdo;132;443100,909999999974389;4473058,730000000447035;40,406199000000001;-3,670568000000000
51;51;C Carlos y Guillermo Fdez. 5;Interior M-30;Calle;Carlos y Guillermo Fernández;5;443309,520000000018626;4472861,120000000111759;40,404432999999997;-3,668092000000000
52;52;C Luis Mitjans 43;Interior M-30;Calle;Luis Mitjan;43;443288,309999999997672;4472839,410000000149012;40,404235999999997;-3,668340000000000
53;53;Av Ciudad de Barcelona 115;Interior M-30;Avenida;Av Ciudad de Barcelona;115;443182,070000000006985;4472212,700000000186265;40,398583000000002;-3,669536000000000
54;54;C Gandía - Av De la Paz C1;Interior M-30;Calle;Gandía;0;443134,760000000009313;4472117,040000000037253;40,397717999999998;-3,670085000000000
55;55;C Gandía - Av De la Paz C2;Interior M-30;Calle;Gandía;0;443134,760000000009313;4472117,040000000037253;40,397717999999998;-3,670085000000000
56;56;C Triquet 8;Interior M-30;Calle;Triquet;8;443256,940000000002328;4472349,669999999925494;40,399822000000000;-3,668666000000000
57;57;C Retama 7;Interior M-30;Calle;Retama;7;442567,710000000020955;4471623,719999999739230;40,393234999999997;-3,676722000000000
58;58;C Méndez Álvaro 80 C1;Interior M-30;Calle;Méndez Álvaro;80;442519,520000000018626;4471614,990000000223517;40,393152999999998;-3,677289000000000
59;59;C Méndez Álvaro 80 C2;Interior M-30;Calle;Méndez Álvaro;80;442519,520000000018626;4471614,990000000223517;40,393152999999998;-3,677289000000000
60;60;C Titán - C Mendez Alvaro;Interior M-30;Calle;Titán;0;442513,030000000027940;4471554,759999999776483;40,392609999999998;-3,677360000000000
61;61;Av Planetario 45;Interior M-30;Avenida;Planetario;45;441706,659999999974389;4471208,209999999962747;40,389431999999999;-3,686829000000000
62;62;C Puerto Serrano 2;Interior M-30;Calle;Puerto Serrano;2;441557,150000000023283;4471085,919999999925494;40,385353000000002;-3,688549000000000
63;63;C Puerto de Bejar 2;Interior M-30;Calle;Puerto de Bejar;2;441489,869999999995343;4470858,559999999590218;40,386266999999997;-3,689351000000000
64;64;C Embajadores - Puerto Bejar;Interior M-30;Calle;Embajadores;0;441485,770000000018626;4470855,929999999701977;40,386243000000000;-3,689399000000000
65;65;C Embajadores 187;Interior M-30;Calle;Embajadores;187;441302,890000000013970;4471175,940000000409782;40,389113000000002;-3,691583000000000
66;66;C Embajadores 181;Interior M-30;Calle;Embajadores;181;441210,890000000013970;4471382,360000000335276;40,390965999999999;-3,692686000000000
67;67;C Maestro Arbós 33 C1;Interior M-30;Calle;Maestro Arbós;33;440980,330000000016298;4471054,700000000186265;40,388671000000002;-3,695226000000000
68;68;C Maestro Arbós 33 C2;Interior M-30;Calle;Maestro Arbós;33;440980,330000000016298;4471054,700000000186265;40,388671000000002;-3,695226000000000
69;69;Po Molino - frente n1 C1;Interior M-30;Paseo;Molino;0;441054,440000000002328;4471358,389999999664724;40,390739000000004;-3,694527000000000
70;70;Po Molino - frente n1 C2;Interior M-30;Paseo;Molino;0;441054,440000000002328;4471358,389999999664724;40,390739000000004;-3,694527000000000
71;71;C Manuel Aleixandre 2;Interior M-30;Calle;Manuel Aleixandre;2;441057,080000000016298;4471391,780000000260770;40,391039999999997;-3,694499000000000
72;72;Po Delicias 145 C1;Interior M-30;Paseo;Delicias;145;441022,049999999988358;4471459,549999999813735;40,391648000000004;-3,694918000000000
73;73;Po Delicias 145 C2;Interior M-30;Paseo;Delicias;145;441022,049999999988358;4471459,549999999813735;40,391648000000004;-3,694918000000000
74;74;Po Chopera 75;Interior M-30;Paseo;Chopera;75;440969,809999999997672;4471455,179999999701977;40,391604999999998;-3,695533000000000
75;75;Po Sta M de la Cabeza 85 C1;Interior M-30;Paseo;Santa María de la Cabeza;85;440404,789999999979045;4472117,360000000335276;40,397530000000003;-3,702252000000000
76;76;Po Sta M de la Cabeza 85 C2;Interior M-30;Paseo;Santa María de la Cabeza;85;440404,789999999979045;4472117,360000000335276;40,397530000000003;-3,702252000000000
77;77;Po Acacias 65;Interior M-30;Paseo;Acacias;65;439538,549999999988358;4472572,309999999590218;40,401566000000003;-3,712502000000000
78;78;C Toledo 171;Interior M-30;Calle;Toledo;171;439441,669999999983702;4472629,040000000037253;40,402070000000002;-3,713649000000000
79;79;Po Imperial 89;Interior M-30;Paseo;Imperial;89;439314,270000000018626;4472658,379999999888241;40,402324999999998;-3,715153000000000
80;80;Po Melancólicos - junto n32 C1;Interior M-30;Paseo;Melancólicos;32;439160,080000000016298;4472544,179999999701977;40,401285000000001;-3,716959000000000
81;81;Po Melancólicos - junto n32 C2;Interior M-30;Paseo;Melancólicos;32;439160,080000000016298;4472544,179999999701977;40,401285000000001;-3,716959000000000
82;82;Po Yeserías - junto Gta. Piramides;Interior M-30;Paseo;Yeserías;0;439415,770000000018626;4472459,080000000074506;40,400537000000000;-3,713938000000000
83;83;Pte San Isidro - Ermita Santo;Interior M-30;Puente;Pte San Isidro;0;438829,549999999988358;4472837,709999999962747;40,403519000000003;-3,724418000000000
84;84;Po Virgen Puerto - P. Segovia;Interior M-30;Paseo;Virgen del Puerto;0;438844,979999999981374;4473980,179999999701977;40,414197999999999;-3,720810000000000
85;85;C Segovia 73 C1;Interior M-30;Calle;Segovia;73;438854,539999999979045;4473945,459999999962747;40,413885999999998;-3,720694000000000
86;86;C Segovia 73 C2;Interior M-30;Calle;Segovia;73;438854,539999999979045;4473945,459999999962747;40,413885999999998;-3,720694000000000
87;87;C Manzanares 35;Interior M-30;Calle;Manzanares;35;438822,950000000011642;4473818,059999999590218;40,412736000000002;-3,721054000000000
88;88;A5 - Gta San Vicente C1;Interior M-30;Carretera;A5-Pta San Vicente;0;438882,340000000025611;4474504,490000000223517;40,418923999999997;-3,720420000000000
89;89;A5 - Gta San Vicente C2;Interior M-30;Carretera;A5-Pta San Vicente;0;438882,340000000025611;4474504,490000000223517;40,418923999999997;-3,720420000000000
90;90;Cta S Vicente - frente n8 C1;Interior M-30;Calle;San Vicente;8;439451,260000000009313;4474773,280000000260770;40,421387000000003;-3,713740000000000
91;91;Cta S Vicente - frente n8 C2;Interior M-30;Calle;San Vicente;8;439451,260000000009313;4474773,280000000260770;40,421387000000003;-3,713740000000000
92;92;C San Pol de Mar 2;Interior M-30;Calle;San Pol de Mar;2;438327,340000000025611;4475117,809999999590218;40,424408000000000;-3,727021000000000
93;93;Av Valladolid 83;Interior M-30;Avenida;Valladolid;83;437716,119999999995343;4476171,650000000372529;40,433855999999999;-3,734329000000000
94;94;Av Séneca - frente n14;Interior M-30;Avenida;Séneca;14;437913,650000000023283;4476259,940000000409782;40,434666000000000;-3,732009000000000
95;95;Entrada Po. Senda del Rey;Interior M-30;Paseo;Senda del Rey;0;437758,080000000016298;4476239,570000000298023;40,434471000000002;-3,733841000000000
96;96;Entrada Po. Ruperto Chapí;Interior M-30;Paseo;Ruperto Chapí;0;437942,200000000011642;4476164,450000000186265;40,433992000000003;-3,732576000000000
97;97;A6PK5.300D ENT C1;Interior M-30;Carretera;A6;;437942,200000000011642;4476164,459999999962747;40,446973999999997;-3,734772000000000
98;98;A6PK5.300D ENT C2;Interior M-30;Carretera;A6;;437942,200000000011642;4476164,459999999962747;40,446973999999997;-3,734772000000000
99;99;Ctra Dehesa de la Villa sn C1;Interior M-30;Carretera;Dehesa de la villa;0;438066,710000000020955;4478644,440000000409782;40,456158000000002;-3,730437000000000
100;100;Ctra Dehesa de la Villa sn C2;Interior M-30;Carretera;Dehesa de la villa;0;438066,710000000020955;4478644,440000000409782;40,456158000000002;-3,730437000000000
101;101;C Dr Ramón Castroviejo 97;Interior M-30;Calle;Doctor Ramón Castroviejo;97;437718,479999999981374;4480482,299999999813735;40,472687999999998;-3,734724000000000
102;102;C Dr Juan José López Ibor 31;Interior M-30;Calle;Juan José López Ibor;31;438248,299999999988358;4480437,940000000409782;40,472327999999997;-3,728470000000000
103;103;C Valle de Mena 365;Interior M-30;Calle;Valle de Mena;365;438282,700000000011642;4480456,530000000260770;40,472498000000002;-3,728066000000000
104;104;C Dr Ramón Castroviejo 77;Interior M-30;Calle;Doctor Ramón Castroviejo;77;438295,880000000004657;4480481,179999999701977;40,472721000000000;-3,727913000000000
105;105;C Cesar Manrique 11;Interior M-30;Calle;Cesar Manrique;11;438875,039999999979045;4480696,889999999664724;40,474707000000002;-3,721102000000000
106;106;C Monforte de Lemos 193;Interior M-30;Calle;Monforte de Lemos;193;438977,979999999981374;4480845,910000000149012;40,476056999999997;-3,719902000000000
107;107;Camino de Ganapanes sn;Interior M-30;Camino;Ganapanes;0;439288,520000000018626;4481004,900000000372529;40,477511999999997;-3,716254000000000
108;108;C Dr Ramon Castroviejo 25;Interior M-30;Calle;Doctor Ramón Castroviejo;25;439340,359999999986030;4481167,099999999627471;40,478977000000000;-3,715658000000000
109;109;Av Betanzos 69;Interior M-30;Avenida;Betanzos;69;439581,630000000004657;4481223,000000000000000;40,479498000000000;-3,712817000000000
110;110;C Ginzo de Limia 43;Interior M-30;Calle;Ginzo de Lima;43;440249,409999999974389;4481392,240000000223517;40,481071000000000;-3,704955000000000
111;111;C Finisterre 31;Interior M-30;Calle;Finisterre;31;440410,280000000027940;4481326,459999999962747;40,480490000000003;-3,703051000000000
112;112;Po Castellana 167 C1;Interior M-30;Paseo;Castellana;167;441533,969999999972060;4479260,969999999739230;40,461962999999997;-3,689604000000000
113;113;Po Castellana 167 C2;Interior M-30;Paseo;Castellana;167;441533,969999999972060;4479260,969999999739230;40,461962999999997;-3,689604000000000
114;114;Po Castellana 105 C1;Interior M-30;Paseo;Castellana;105;441467,090000000025611;4478427,280000000260770;40,454447999999999;-3,690316000000000
115;115;Po Castellana 105 C2;Interior M-30;Paseo;Castellana;105;441467,090000000025611;4478427,280000000260770;40,454447999999999;-3,690316000000000
116;116;Po Recoletos 20 C1;Interior M-30;Paseo;Recoletos;20;441379,609999999986030;4474984,959999999962747;40,423431999999998;-3,691030000000000
117;117;Po Recoletos 20 C2;Interior M-30;Paseo;Recoletos;20;441379,609999999986030;4474984,959999999962747;40,423431999999998;-3,691030000000000
118;118;Po Recoletos 31;Interior M-30;Paseo;Recoletos;31;441369,469999999972060;4474989,589999999850988;40,423473000000001;-3,691150000000000
119;119;C Velazquez 70 C1;Interior M-30;Calle;Velazquez;70;441998,330000000016298;4475599,900000000372529;40,429015000000000;-3,683793000000000
120;120;C Velazquez 70 C2;Interior M-30;Calle;Velazquez;70;441998,330000000016298;4475599,900000000372529;40,429015000000000;-3,683793000000000
121;121;C Monforte de Lemos 85 C1;Interior M-30;Calle;Monforte de Lemos;85;440481,109999999986030;4481257,959999999962747;40,479877999999999;-3,702209000000000
122;122;C Monforte de Lemos 85 C2;Interior M-30;Calle;Monforte de Lemos;85;440481,109999999986030;4481257,959999999962747;40,479877999999999;-3,702209000000000
123;123;C Serrano 127 C1;Interior M-30;Calle;Serrano;127;441829,229999999981374;4477070,509999999776483;40,442250999999999;-3,685921000000000
124;124;C Serrano 127 C2;Interior M-30;Calle;Serrano;127;441829,229999999981374;4477070,509999999776483;40,442250999999999;-3,685921000000000
125;125;C Francisco Silvela 67 C1;Interior M-30;Calle;Francisco Silvela;67;442722,809999999997672;4476293,889999999664724;40,435316999999998;-3,675315000000000
126;126;C Francisco Silvela 67 C2;Interior M-30;Calle;Francisco Silvela;67;442722,809999999997672;4476293,889999999664724;40,435316999999998;-3,675315000000000
127;127;C Principe de Vergara 135 C1;Interior M-30;Calle;Principe de Vergara;135;442464,380000000004657;4477301,139999999664724;40,444372999999999;-3,678453000000000
128;128;C Principe de Vergara 135 C2;Interior M-30;Calle;Principe de Vergara;135;442464,380000000004657;4477301,139999999664724;40,444372999999999;-3,678453000000000
129;129;C Principe de Vergara 136 C1;Interior M-30;Calle;Principe de Vergara;136;442470,770000000018626;4477271,559999999590218;40,444107000000002;-3,678375000000000
130;130;C Principe de Vergara 136 C2;Interior M-30;Calle;Principe de Vergara;136;442470,770000000018626;4477271,559999999590218;40,444107000000002;-3,678375000000000
131;131;C Alberto Alcocer 43 C1;Interior M-30;Calle;Alberto Alcocer;43;442311,169999999983702;4478891,269999999552965;40,458686999999998;-3,680404000000000
132;132;C Alberto Alcocer 43 C2;Interior M-30;Calle;Alberto Alcocer;43;442311,169999999983702;4478891,269999999552965;40,458686999999998;-3,680404000000000
133;133;C Alberto Alcocer 44 C1;Interior M-30;Calle;Alberto Alcocer;44;442288,659999999974389;4478874,459999999962747;40,458534000000000;-3,680668000000000
134;134;C Alberto Alcocer 44 C2;Interior M-30;Calle;Alberto Alcocer;44;442288,659999999974389;4478874,459999999962747;40,458534000000000;-3,680668000000000
135;135;Av Alfonso XII 44;Interior M-30;Avenida;Alfonso XIII;44;443405,900000000023283;4478163,889999999664724;40,452209000000003;-3,667428000000000
136;136;Av Alfonso XII 43;Interior M-30;Avenida;Alfonso XIII;43;443403,880000000004657;4478192,009999999776483;40,452461999999997;-3,667454000000000
137;137;Av PIo XII 46;Interior M-30;Avenida;Pio XII;46;442902,479999999981374;4479976,950000000186265;40,468508000000000;-3,673528000000000
138;138;C Mateo Inurria 26;Interior M-30;Calle;Mateo Inurria;26;442095,400000000023283;4479849,799999999813735;40,467306999999998;-3,683036000000000
139;139;C Mateo Inurria 27;Interior M-30;Calle;Mateo Inurria;27;442111,450000000011642;4479857,679999999701977;40,467377999999997;-3,682847000000000
140;140;C ODonnell 25;Interior M-30;Calle;O´Donnell;25;442536,119999999995343;4474778,419999999925494;40,421652000000002;-3,677379000000000
141;141;C ODonnell 12;Interior M-30;Calle;O´Donnell;12;442515,030000000027940;4474771,919999999925494;40,421591999999997;-3,677627000000000
142;142;C Doctor Esquerdo 111 C1;Interior M-30;Calle;Doctor Esquerdo;111;443200,700000000011642;4473954,570000000298023;40,414276000000001;-3,669472000000000
143;143;C Doctor Esquerdo 111 C2;Interior M-30;Calle;Doctor Esquerdo;111;443200,700000000011642;4473954,570000000298023;40,414276000000001;-3,669472000000000
144;144;C Doctor Esquerdo 62 C1;Interior M-30;Calle;Doctor Esquerdo;62;443192,780000000027940;4474073,629999999888241;40,415348000000002;-3,669576000000000
145;145;C Doctor Esquerdo 62 C2;Interior M-30;Calle;Doctor Esquerdo;62;443192,780000000027940;4474073,629999999888241;40,415348000000002;-3,669576000000000
146;146;Av Menendez Pelayo 65 C1;Interior M-30;Avenida;Menendez Pelayo;65;442538,700000000011642;4473984,809999999590218;40,414503000000003;-3,677277000000000
147;147;Av Menendez Pelayo 65 C2;Interior M-30;Avenida;Menendez Pelayo;65;442538,700000000011642;4473984,809999999590218;40,414503000000003;-3,677277000000000
148;148;Po Virgen del Puerto 4;Interior M-30;Paseo;Virgen del Puerto;4;438849,400000000023283;4474137,769999999552965;40,415618000000002;-3,720773000000000
149;149;Av Ciudad de Barcelona 138;Interior M-30;Avenida;Av Ciudad de Barcelona;138;442324,010000000009313;4472791,040000000037253;40,403734000000000;-3,679699000000000
150;150;C Méndez Álvaro 51 C1;Interior M-30;Calle;Méndez Álvaro;51;441989,359999999986030;4472235,480000000447035;40,398705999999997;-3,683592000000000
151;151;C Méndez Álvaro 51 C2;Interior M-30;Calle;Méndez Álvaro;51;441989,359999999986030;4472235,480000000447035;40,398705999999997;-3,683592000000000
152;152;C Méndez Álvaro 44 C1;Interior M-30;Calle;Méndez Álvaro;44;441962,010000000009313;4472244,690000000409782;40,398786999999999;-3,683915000000000
153;153;C Méndez Álvaro 44 C2;Interior M-30;Calle;Méndez Álvaro;44;441962,010000000009313;4472244,690000000409782;40,398786999999999;-3,683915000000000
154;154;Po Delicias 34 C1;Interior M-30;Paseo;De las Delicias;34;441147,580000000016298;4472834,040000000037253;40,404038999999997;-3,693566000000000
155;155;Po Delicias 34 C2;Interior M-30;Paseo;De las Delicias;34;441147,580000000016298;4472834,040000000037253;40,404038999999997;-3,693566000000000
156;156;C Embajadores 151;Interior M-30;Calle;Embajadores;151;440932,890000000013970;4471961,660000000149012;40,396165000000003;-3,696015000000000
157;157;C Embajadores 160;Interior M-30;Calle;Embajadores;160;440902,390000000013970;4472000,860000000335276;40,396515999999998;-3,696378000000000
158;158;C Alcalá 104;Interior M-30;Calle;Alcalá;104;442801,559999999997672;4475190,110000000335276;40,425379000000000;-3,674287000000000
159;159;C Alcalá 161;Interior M-30;Calle;Alcalá;161;442837,710000000020955;4475224,200000000186265;40,425688000000001;-3,673864000000000
160;160;C Bravo MurIllo 200;Interior M-30;Calle;Bravo Murilla;200;440464,820000000006985;4478632,860000000335276;40,456228000000003;-3,702154000000000
161;161;C Bravo Murillo 217;Interior M-30;Calle;BravoMurillo;217;440461,270000000018626;4478655,200000000186265;40,456429000000000;-3,702198000000000
162;162;C Ofelia Nieto 23;Interior M-30;Calle;Ofelia Nieto;23;439783,869999999995343;4478997,980000000447035;40,459468999999999;-3,710220000000000
163;163;C Ofelia Nieto 20;Interior M-30;Calle;Ofelia Nieto;20;439790,219999999972060;4478986,610000000335276;40,459367000000000;-3,710144000000000
164;164;C Raimundo F Villaverde 47 C1;Interior M-30;Calle;Raimundo Fernández Villaverde;47;440899,900000000023283;4477560,089999999850988;40,446596000000000;-3,696924000000000
165;165;C Raimundo F Villaverde 47 C2;Interior M-30;Calle;Raimundo Fernández Villaverde;47;440899,900000000023283;4477560,089999999850988;40,446596000000000;-3,696924000000000
166;166;C Raimundo F Villaverde 44 C1;Interior M-30;Calle;Raimundo Fernández Villaverde;44;440867,650000000023283;4477546,580000000074506;40,446472000000000;-3,697303000000000
167;167;C Raimundo F Villaverde 44 C2;Interior M-30;Calle;Raimundo Fernández Villaverde;44;440867,650000000023283;4477546,580000000074506;40,446472000000000;-3,697303000000000
168;168;C Alberto Aguilera 30;Interior M-30;Calle;Alberto Aguilera;30;439723,109999999986030;4475746,070000000298023;40,430169999999997;-3,710628000000000
169;169;C Princesa 20;Interior M-30;Calle;de la Princesa;20;439493,719999999972060;4475356,169999999925494;40,426640999999996;-3,713295000000000
170;170;C Princesa 19;Interior M-30;Calle;de la Princesa;19;439497,640000000013970;4475326,500000000000000;40,426374000000003;-3,713246000000000
171;171;C Toledo 142;Interior M-30;Calle;Toledo;142;439473,729999999981374;4472784,969999999739230;40,403477000000002;-3,713286000000000
172;172;Ronda de Valencia 7;Interior M-30;Ronda;Valencia;7;440515,090000000025611;4472991,660000000149012;40,405414000000000;-3,701034000000000
173;173;Ronda de Valencia 8 C1;Interior M-30;Ronda;Valencia;8;440533,549999999988358;4473007,610000000335276;40,405558999999997;-3,700818000000000
174;174;Ronda de Valencia 8 C2;Interior M-30;Ronda;Valencia;8;440533,549999999988358;4473007,610000000335276;40,405558999999997;-3,700818000000000
175;175;Av Ramón y Cajal 62 C1;Interior M-30;Avenida;Av Ramón y Cajal;62;443393,049999999988358;4478177,230000000447035;40,452328000000001;-3,667581000000000
176;176;Av Ramón y Cajal 62 C2;Interior M-30;Avenida;Av Ramón y Cajal;62;443393,049999999988358;4478177,230000000447035;40,452328000000001;-3,667581000000000
177;177;Av Valladolid 65;Interior M-30;Avenida;Valladolid;65;437906,140000000013970;4475927,639999999664724;40,431671999999999;-3,732065000000000
178;178;C Sor Angela de la Cruz 16;Interior M-30;Calle;Sor Angela De la Cruz;16;441152,289999999979045;4478973,330000000074506;40,459344999999999;-3,694079000000000
179;179;C Sor Angela de la Cruz 13 C1;Interior M-30;Calle;Sor Angela De la Cruz;13;441112,989999999990687;4478968,980000000447035;40,459302999999998;-3,694542000000000
180;180;C Sor Angela de la Cruz 13 C2;Interior M-30;Calle;Sor Angela De la Cruz;13;441112,989999999990687;4478968,980000000447035;40,459302999999998;-3,694542000000000
181;181;Av Asturias 66 C1;Interior M-30;Avenida;Asturias;66;440744,669999999983702;4480383,900000000372529;40,472023000000000;-3,699018000000000
182;182;Av Asturias 66 C2;Interior M-30;Avenida;Asturias;66;440744,669999999983702;4480383,900000000372529;40,472023000000000;-3,699018000000000
183;183;Av Asturias - Po Dirección C1;Interior M-30;Avenida;Asturias;0;440659,429999999993015;4480442,190000000409782;40,472541999999997;-3,700029000000000
184;184;Av Asturias - Po Dirección C2;Interior M-30;Avenida;Asturias;0;440659,429999999993015;4480442,190000000409782;40,472541999999997;-3,700029000000000
185;185;C Santa Engracia 46 C1;Interior M-30;Calle;Santa Engrancia;46;440798,130000000004657;4476100,040000000037253;40,433436000000000;-3,697988000000000
186;186;C Santa Engracia 46 C2;Interior M-30;Calle;Santa Engrancia;46;440798,130000000004657;4476100,040000000037253;40,433436000000000;-3,697988000000000
187;187;C Ferraz 30;Interior M-30;Calle;Ferraz;30;439205,340000000025611;4475236,950000000186265;40,425545999999997;-3,716683000000000
188;188;Po Francisco de Sales 33 C1;Interior M-30;Paseo;Francisco de Sales;33;439533,380000000004657;4477106,669999999925494;40,442413000000002;-3,712994000000000
189;189;Po Francisco de Sales 33 C2;Interior M-30;Paseo;Francisco de Sales;33;439533,380000000004657;4477106,669999999925494;40,442413000000002;-3,712994000000000
190;190;Po Francisco de Sales 40 C1;Interior M-30;Paseo;Francisco de Sales;40;439541,030000000027940;4477098,169999999925494;40,442337000000002;-3,712903000000000
191;191;Po Francisco de Sales 40 C2;Interior M-30;Paseo;Francisco de Sales;40;439541,030000000027940;4477098,169999999925494;40,442337000000002;-3,712903000000000
192;192;Po Pintor de Rosales 64;Interior M-30;Paseo;Pintor de Rosales;64;438625,719999999972060;4475823,040000000037253;40,432547000000000;-3,725150000000000
193;193;M30PK11.400C EXT C1;M-30;Carretera;M-30;;442277,549999999988358;4471085,919999999925494;40,388370000000002;-3,680092000000000
194;194;M30PK11.400C EXT C2;M-30;Carretera;M-30;;442277,549999999988358;4471085,919999999925494;40,388370000000002;-3,680092000000000
195;195;M30PK11.500L INT C1;M-30;Carretera;M-30;;442198,239999999990687;4470993,509999999776483;40,387532000000000;-3,681018000000000
196;196;M30PK11.500L INT C2;M-30;Carretera;M-30;;442198,239999999990687;4470993,509999999776483;40,387532000000000;-3,681018000000000
197;197;M30PK0.600C EXT C1;M-30;Carretera;M-30;;442852,799999999988358;4481075,519999999552965;40,478400999999998;-3,674213000000000
198;198;M30PK0.600C EXT C2;M-30;Carretera;M-30;;442852,799999999988358;4481075,519999999552965;40,478400999999998;-3,674213000000000
199;199;M30PK0.600C EXT C3;M-30;Carretera;M-30;;442852,799999999988358;4481075,519999999552965;40,478400999999998;-3,674213000000000
200;200;M30PK5.600L EXT C1;M-30;Carretera;M-30;;444063,489999999990687;4476350,490000000223517;40,435918000000001;-3,659514000000000
201;201;M30PK5.600L EXT C2;M-30;Carretera;M-30;;444063,489999999990687;4476350,490000000223517;40,435918000000001;-3,659514000000000
202;202;M30PK8.000L EXT C1;M-30;Carretera;M-30;8;444063,489999999990687;4476350,490000000223517;40,415398000000003;-3,659721000000000
203;203;M30PK8.000L EXT C2;M-30;Carretera;M-30;8;444063,489999999990687;4476350,490000000223517;40,415398000000003;-3,659721000000000
204;204;M30PK8.000L EXT C3;M-30;Carretera;M-30;8;444063,489999999990687;4476350,490000000223517;40,415398000000003;-3,659721000000000
205;205;M30PK0.500C INT C1;M-30;Carretera;M-30;;442839,640000000013970;4481183,849999999627471;40,479376000000002;-3,674378000000000
206;206;M30PK0.500C INT C2;M-30;Carretera;M-30;;442839,640000000013970;4481183,849999999627471;40,479376000000002;-3,674378000000000
207;207;M30PK0.500C INT C3;M-30;Carretera;M-30;;442839,640000000013970;4481183,849999999627471;40,479376000000002;-3,674378000000000
208;208;M30PK4.100L INT C1;M-30;Carretera;M-30;;443791,669999999983702;4477846,000000000000000;40,449371999999997;-3,662851000000000
209;209;M30PK4.100L INT C2;M-30;Carretera;M-30;;443791,669999999983702;4477846,000000000000000;40,449371999999997;-3,662851000000000
210;210;M30PK6.800L INT C1;M-30;Carretera;M-30;;444002,070000000006985;4475190,820000000298023;40,425466999999998;-3,660136000000000
211;211;M30PK6.800L INT C2;M-30;Carretera;M-30;;444002,070000000006985;4475190,820000000298023;40,425466999999998;-3,660136000000000
212;212;M30PK3.500L EXT C1;M-30;Carretera;M-30;;443787,770000000018626;4478456,230000000447035;40,454869000000002;-3,662951000000000
213;213;M30PK3.500L EXT C2;M-30;Carretera;M-30;;443787,770000000018626;4478456,230000000447035;40,454869000000002;-3,662951000000000
214;214;M30PK2.400L EXT C1;M-30;Carretera;M-30;;443519,840000000025611;4479391,700000000186265;40,463278000000003;-3,666194000000000
215;215;M30PK2.400L EXT C2;M-30;Carretera;M-30;;443519,840000000025611;4479391,700000000186265;40,463278000000003;-3,666194000000000
216;216;M30PK2.400L INT C1;M-30;Carretera;M-30;;443412,349999999976717;4479506,629999999888241;40,464306000000001;-3,667472000000000
217;217;M30PK2.400L INT C2;M-30;Carretera;M-30;;443412,349999999976717;4479506,629999999888241;40,464306000000001;-3,667472000000000
218;218;M30PK3.300L INT C1;M-30;Carretera;M-30;;443690,590000000025611;4478613,370000000111759;40,456277999999998;-3,664111000000000
219;219;M30PK3.300L INT C2;M-30;Carretera;M-30;;443690,590000000025611;4478613,370000000111759;40,456277999999998;-3,664111000000000
220;220;A2PK4.750 ENT C1;M-30;Carretera;A-2;;444363,039999999979045;4477498,280000000260770;40,446278000000000;-3,656083000000000
221;221;A2PK4.750 ENT C2;M-30;Carretera;A-2;;444363,039999999979045;4477498,280000000260770;40,446278000000000;-3,656083000000000
222;222;M30PK6.700L EXT C1;M-30;Carretera;M-30;;444035,739999999990687;4475314,450000000186265;40,426583000000001;-3,659750000000000
223;223;M30PK6.700L EXT C2;M-30;Carretera;M-30;;444035,739999999990687;4475314,450000000186265;40,426583000000001;-3,659750000000000
224;224;M30PK9.600L EXT C1;M-30;Carretera;M-30;;443395,090000000025611;4472550,339999999850988;40,401639000000003;-3,667056000000000
225;225;M30PK9.600L EXT C2;M-30;Carretera;M-30;;443395,090000000025611;4472550,339999999850988;40,401639000000003;-3,667056000000000
226;226;M30PK9.200L INT C1;M-30;Carretera;M-30;;443593,849999999976717;4473273,480000000447035;40,408166999999999;-3,664778000000000
227;227;M30PK9.200L INT C2;M-30;Carretera;M-30;;443593,849999999976717;4473273,480000000447035;40,408166999999999;-3,664778000000000
228;228;A3PK5.000L ENT C1;M-30;Carretera;A-3;5;444994,309999999997672;4472350,290000000037253;40,399943999999998;-3,648194000000000
229;229;A4PK5.300 ENT C1;M-30;Carretera;A-4;;442243,640000000013970;4469336,849999999627471;40,372610999999999;-3,680333000000000
230;230;A4PK5.300 ENT C2;M-30;Carretera;A-4;;442243,640000000013970;4469336,849999999627471;40,372610999999999;-3,680333000000000
231;231;M30PK13.200C EXT C1;M-30;Carretera;M-30;;441108,369999999995343;4470724,019999999552965;40,385027999999998;-3,693833000000000
232;232;M30PK13.200C EXT C2;M-30;Carretera;M-30;;441108,369999999995343;4470724,019999999552965;40,385027999999998;-3,693833000000000
233;233;M30PK13.200C EXT C3;M-30;Carretera;M-30;;441108,369999999995343;4470724,019999999552965;40,385027999999998;-3,693833000000000
234;234;Marques de Vadillo C1;M-30;Glorieta;Marques de Vadillo;;439271,020000000018626;4472116,919999999925494;40,397444000000000;-3,715611000000000
235;235;Marques de Vadillo C2;M-30;Glorieta;Marques de Vadillo;;439271,020000000018626;4472116,919999999925494;40,397444000000000;-3,715611000000000
236;236;A42PK2.700 ENT C1;M-30;Carretera;A-42;;440023,530000000027940;4471583,589999999850988;40,392693999999999;-3,706694000000000
237;237;A42PK2.700 ENT C2;M-30;Carretera;A-42;;440023,530000000027940;4471583,589999999850988;40,392693999999999;-3,706694000000000
238;238;Av Andalucia-Virgen Cruces C1;M-30;Avenida;Av Andalucia;;441150,890000000013970;4469986,830000000074506;40,378390000000003;-3,693264000000000
239;239;Av Andalucia-Virgen Cruces C2;M-30;Avenida;Av Andalucia;;441150,890000000013970;4469986,830000000074506;40,378390000000003;-3,693264000000000
240;240;A5PK3.400 ENT C1;M-30;Carretera;A-5;;437073,200000000011642;4473448,690000000409782;40,409278000000000;-3,741639000000000
241;241;A5PK3.400 ENT C2;M-30;Carretera;A-5;;437073,200000000011642;4473448,690000000409782;40,409278000000000;-3,741639000000000
242;242;M30PK19.400C EXT C1;M-30;Carretera;M-30;;438020,559999999997672;4475136,769999999552965;40,424556000000003;-3,730639000000000
243;243;M30PK19.400C EXT C2;M-30;Carretera;M-30;;438020,559999999997672;4475136,769999999552965;40,424556000000003;-3,730639000000000
244;244;M30PK22.400C EXT C1;M-30;Carretera;M-30;;437121,979999999981374;4477854,629999999888241;40,448971999999998;-3,741500000000000
245;245;M30PK22.400C EXT C2;M-30;Carretera;M-30;;437121,979999999981374;4477854,629999999888241;40,448971999999998;-3,741500000000000
246;246;M30PK22.400C EXT C3;M-30;Carretera;M-30;;437121,979999999981374;4477854,629999999888241;40,448971999999998;-3,741500000000000
247;247;M30PK24.700C EXT C1;M-30;Carretera;M-30;;436428,669999999983702;4479988,179999999701977;40,468139000000001;-3,749889000000000
248;248;M30PK24.700C EXT C2;M-30;Carretera;M-30;;436428,669999999983702;4479988,179999999701977;40,468139000000001;-3,749889000000000
249;249;M30PK24.700C EXT C3;M-30;Carretera;M-30;;436428,669999999983702;4479988,179999999701977;40,468139000000001;-3,749889000000000
250;250;M30 PK21.800C INT C1;M-30;Carretera;M-30;;437296,780000000027940;4477350,519999999552965;40,444443999999997;-3,739389000000000
251;251;M30 PK21.800C INT C2;M-30;Carretera;M-30;;437296,780000000027940;4477350,519999999552965;40,444443999999997;-3,739389000000000
252;252;M30PK28.700C EXT C1;M-30;Carretera;M-30;;439529,140000000013970;4481303,790000000037253;40,480221999999998;-3,713444000000000
253;253;M30PK28.700C EXT C2;M-30;Carretera;M-30;;439529,140000000013970;4481303,790000000037253;40,480221999999998;-3,713444000000000
254;254;M30 PK25.800C INT C1;M-30;Carretera;M-30;;436877,159999999974389;4480671,969999999739230;40,474333000000001;-3,744667000000000
255;255;M30 PK25.800C INT C2;M-30;Carretera;M-30;;436877,159999999974389;4480671,969999999739230;40,474333000000001;-3,744667000000000
256;256;M30 PK29.600C INT C1;M-30;Carretera;M-30;;440314,859999999986030;4481510,290000000037253;40,482138999999997;-3,704194000000000
257;257;M30 PK29.600C INT C2;M-30;Carretera;M-30;;440314,859999999986030;4481510,290000000037253;40,482138999999997;-3,704194000000000
